time,thrust
0,0
0.01,3923.882373
0.19,6872.226215
0.46,6297.675791
4.14,5882.48447
8.8,5740.27238
11.73,5619.355897
15.33,5442.345339
19.59,5164.620614
20.13,5168.685484
20.23,0