time,thrust
0.0,0.0
0.1738374358974359,9018.832090593114
3.7375076923076924,7139.885464296938
8.474564102564102,6764.1020188076245
12.168615384615382,6576.206621206767
12.907435897435896,4885.184791361063
14.298153846153847,3382.0510094038123
15.341179487179486,3569.939057292267
16.818769230769227,2630.4841184251877
18.513692307692303,939.4549388670795
22.0,0.0
