LengthRegressed,PortVolume,PortArea,BurnArea
0,0.008339895013,0.00836,0.6345144357
0.005,0.01106299213,0.0112,0.4704724409
0.01,0.01307742782,0.0133,0.4468503937
0.015,0.01501968504,0.0153,0.4566929134
0.02,0.01700131234,0.0174,0.4757217848
0.025,0.01904855643,0.0194,0.5052493438
0.03,0.02119422572,0.0206,0.5236220472
