time,thrust
0.000000,0.000000
0.160235,32.031430
0.460823,6420.931929
1.121207,0.000000
