,Total Impulse,Total Specific Impulse,Used Specific Impulse,Burn Time,Average Thrust,Average OF,Average Regression,Length Regressed,Combustion Efficiency,Launch Temperature
0,98697.10264913464,177.68913268724046,191.33307504928263,23.148999999999685,4263.557935510647,6.00903027660909,0.0011340671261961513,0.022292073922259584,0.8784551818851292,283.20638020887213
1,101215.69397133199,182.22347357084064,201.68034576166218,21.388999999999722,4732.137733009177,7.99944700258883,0.0009927627466434813,0.01695704678680123,0.8834074784117881,288.88401582076517
2,88107.33221037006,158.62386051496202,173.69826817521997,24.33499999999966,3620.601282530154,7.006141665774998,0.0009701506439907529,0.01915142320855998,0.8319227458392731,279.0251168609857
